method,accuracy
fuzzy,0.8831385642737897
tfidf,0.8764607679465777
embed,0.9115191986644408
o3,0.8823038397328882
