method,accuracy
fuzzy,0.8839732888146912
tfidf,0.8764607679465777
embed,0.9115191986644408
o3,0.8823038397328882
