method,accuracy
fuzzy,0.8138564273789649
tfidf,0.8138564273789649
embed,0.8781302170283807
o3,0.8447412353923205
top5_llm,0.8597662771285476
