method,accuracy
fuzzy,0.8138564273789649
tfidf,0.8113522537562604
embed,0.8789649415692822
o3,0.8447412353923205
