method,accuracy
fuzzy,0.2178932178932179
tfidf,0.7041847041847041
embed,0.7965367965367965
o3,0.5786435786435786
