method,accuracy
fuzzy,0.10429447852760736
tfidf,0.8427914110429447
embed,0.88420245398773
o3,0.4156441717791411
