method,accuracy
fuzzy,0.18326118326118326
tfidf,0.6796536796536796
embed,0.7691197691197691
o3,0.5901875901875901
