method,accuracy
fuzzy,0.10352760736196319
tfidf,0.4723926380368098
embed,0.48006134969325154
o3,0.4156441717791411
