method,accuracy
fuzzy,0.09279141104294479
tfidf,0.4723926380368098
embed,0.48006134969325154
o3,0.4087423312883436
