method,accuracy
fuzzy,0.09432515337423313
tfidf,0.8374233128834356
embed,0.8773006134969326
o3,0.4087423312883436
