method,accuracy
fuzzy,0.1774891774891775
tfidf,0.6796536796536796
embed,0.7691197691197691
o3,0.5901875901875901
top5_llm,0.7171717171717171
